Account,State,city,Latitude,Longitude
Boston After School and Beyond,MA,Boston,42.3514653,-71.0601767
Masala Art,MA,Needham,42.2748016,-71.2458436
SF Custom Chiropractic,CA,San Francisco,37.7959362,-122.4000032
Master Chimney Sweepers,MA,Lexington,42.4286907,-71.2280234
No Risk Painting,MA,Watertown,42.3709299,-71.1828321
"Wellesley Partners, Ltd.",MA,Wellesley,42.3093812,-71.2814816
Salutary Solutions,MA,Norton,41.9629235,-71.1804988
CrabbyHomes,MD,Baltimore,39.287866,-76.5921665
Pine Village Preschool,MA,Allston,42.3539038,-71.1337112
"Architectural Surfaces, Inc.",NM,Albuquerque,35.1590068,-106.5760857
Real Estate Cafe,MA,Cambridge,42.3803274,-71.1389101
Boston AREIA,MA,Medford,42.4274971,-71.1092012
AHT Interiors,GA,Alpharetta,34.0952227,-84.2173403
The Galley Diner,MA,South Boston,42.3364553,-71.0349193
Red Lady Travel,VA,Centreville,38.8193117,-77.4587239
"Continuing Education, LLC",MA,Boston,42.3364553,-71.0349193
Kendall Press,MA,Cambridge,42.3635847,-71.0824613
NGT Marketing Group LLC,MI,Southfield,42.4595697,-83.2398943
The Baxter Law Firm,NJ,Creskill,40.9414874,-73.9593041
Joyous Angels Kids Klub,TX,McKinney,33.1632842,-96.5890166
Mobile Realty Works,MA,Boston,42.3660616,-71.0482911
Knapp Schenck Insurance Services,MA,Boston,42.3660616,-71.0482911
Lighthouse Express Car Wash,GA,Lawrenceville,33.9255183,-83.9214896
My Tepui,MA,Brighton,42.3463503,-71.1626756
GrandSlam Pool Cleaning & Maintenance,FL,Lehigh Acres,26.655107,-81.614468
McKinney's Transport,TX,McKinney,33.2505263,-96.6317461
Beth Krupa Interiors,CT,Stamford,41.0411194,-73.541744
Little Tumbling Teddy Bears Home Day Care,CO,Colorado Springs,38.9301358,-104.8804893
Side Street Bar & Grill,MN,Fertile,47.5360765,-96.2803328
Freedom Travel,LA,Alexandria,31.2677027,-92.4653598
Trust Security & Fire Watch,MD,Fort Washington,38.7478222,-76.9988669
Burke Printing,IL,Lake Forest,42.2586342,-87.840625
Creative Image Associates,DE,Newark,39.670937,-75.7080727
SmartBooks,MA,Concord,42.4527187,-71.3705616
Lance Lawsuit Funding,NJ,Cresskill,40.9414874,-73.9593041
Denise Dolan Design,CA,Pacifica,37.6101767,-122.4806894
Michigan Spine Management Clinic,MI,Dearborn Heights,42.3446054,-83.2827093
Bharata Kala LLC,NJ,Piscataway,40.554887,-74.4642861
Radbill Consulting,MA,Sudbury,42.384659,-71.4180622
Performance Support Partners,OH,Marion,40.5886699,-83.1285242
"JBYRD Nurseries, LLC",AK,Soldotna,60.4877778,-151.0583332
The Money Mammals,CA,Los Angeles,34.0748887,-118.3082034
The Old North Church,MA,Boston,42.3654231,-71.0549768
Devonia Antiques,MA,Boston,42.3652917,-71.0646337
WhiteAcre Properties,MA,Framingham,42.3240042,-71.4536835
The Healing Room,IL,Chicago,41.9007097,-87.6531805
RADYONOU,FL,Orlando,28.4889021,-81.4114142
Midtown Lutheran Preschool,GA,Atlanta,33.7717008,-84.3726049
Buy My Home Boston Areia,MA,Cambridge,42.3635847,-71.0824613
Touch of Light Healing & Bodywork,PA,Chadds Ford,39.8717773,-75.5913178
Eileen Lanza,CA,Los Angeles,34.0748887,-118.3082034
The Learning Tree Daycare & Preschool,MA,Medway,42.1417641,-71.3967256
Noble Cleaners,CA,Woodland Hills,34.1785255,-118.597305
Slites Injury Prevention Institute,CA,Solana Beach,32.991155,-117.2711481
Santa Clara Custom Chiropractic,CA,Santa Clara,37.3986039,-121.9643745
Dulce Press,MA,Mashpee,41.6177476,-70.5145939
DiscoverText,MA,Amherst,42.3732216,-72.5198537
M&M Merchant Card Services Inc.,GA,Atlanta,33.620038,-84.5327038
Ice Goddess,FL,Wellington,26.6374761,-80.2432839
To The Point Dog Training,CO,Littleton,39.5069625,-105.0557415
Jake SAT Prep,NY,Old Bethpage,40.7625993,-73.4531786
MCH Cycles,MA,Medway,42.1417641,-71.3967256
Rappel Maui,HI,Kahului,20.8733133,-156.4628632
"Encompass Background Screening Solutions, LLC",KY,Morehead,38.1839705,-83.4326841
"Heise & Heise, LLP",MD,Baltimore,39.2713976,-76.5603828
Arquiste,NY,New York,40.7217861,-74.0094471
First Venture Legal,MA,Cambridge,42.3716445,-71.0809757
Broken To Be Blessed,NJ,Hoboken,40.7439905,-74.0323626
Design Custom Homes of Madison,WI,DeForest,43.2477685,-89.343727
Total Marksman,CA,Fontana,34.0482749,-117.4438924
Bernadette Trafton,NH,Derry,42.8680259,-71.3756912
Tulen Boston,MA,Boston,42.3514653,-71.0601767
Piano Craft,MD,Gaithersburg,39.1438746,-77.1887747
Hire with Ease,CO,Littleton,39.5327347,-104.8980058
Clean Method,VA,Fairfax,38.864187,-77.2577571
Applied Synergy Group,MA,Braintree,42.2020445,-71.014118
Tech Help Boston,MA,and Braintree,42.2020445,-71.014118
Natural Wonders Preschool,IN,Syracuse,41.4278257,-85.7524895
Around the Corner Art Center,NJ,Freehold,40.2303787,-74.2766186
"Family Builders, LLC",MI,Canton,42.3047219,-83.4819418
"VECTOR INSURANCE SERVICES, LLC",LA,Shreveport,32.5099127,-93.7485874
Rue Fitness,FL,Melbourne,28.1988979,-80.7879407
Exceed Sports Performance & Fitness,MA,Westborough,42.2695216,-71.6161294
Preschool Plan It,MA,Winchendon,42.6871009,-72.0439529
Faces by Norma and Company,MA,Hanover,42.1162217,-70.8476708
"Plan Sea Realty Group, LLC",MA,Braintree,42.22,-71
Boston Intuitive,MA,Charlestown,42.3782065,-71.0602131
Maryland Speedy Tag & Title,MD,Glen Burnie,39.1511679,-76.6239423
The Gadget Guys,MD,Fort Washington,38.7478222,-76.9988669
Goss Associates,MD,Easton,38.7742826,-76.0763305
Edge Body Boot Camp Omaha,NE,La Vista,41.1838878,-96.031127
Heart Healthy Scrum,CA,San Francisco,37.7877522,-122.4382307
Painting Under the Influence,MA,N. Reading,42.5750939,-71.0786653
Mosquito Platoon,PA,Chester,39.8400941,-75.3703662
Coastal Family Chiropractic,FL,Port St Lucie,27.2932971,-80.2878794
Lavy Windows Inc,IN,Camden,40.6316284,-86.4693235
Amped Video Services,NJ,Jackson,40.0918895,-74.3587473
Charron Medical Services,NH,Nashua,42.7470311,-71.4596201
Kelly Insurance Group,AZ,Gilbert,33.2411354,-111.7256936
"National ES Testing Services, INC",GA,Dacula,33.9887165,-83.8979573
Iron Mountain Counseling,UT,Sandy,40.5749102,-111.8866683
Slender in Savannah,GA,Savannah,32.0005346,-80.9760556
Lady Slipper Creations,NH,Chester,42.9731785,-71.263663
MyShortSaleApproval.com,FL,N. Miami Beach,25.9260794,-80.1819268
Lake Area Discovery Center,MN,White Bear Lake,45.0853814,-93.0081479
HIRE-IQ,PA,Malvern,40.037745,-75.5393155
Trinity Presbyterian Preschool,GA,Atlanta,33.8604722,-84.4277703
SingleSource Communications,NE,Fremont,41.4333909,-96.4981467
Spa Medique,NH,Londonderry,42.8680259,-71.3756912
Mark Staley Yoga,PA,Pittsburgh,40.5068453,-79.9080757
Total Access of New England,MA,Westborough,42.2695216,-71.6161294
Belgian Design Products,NY,New York,40.6998433,-74.0072436
UMA Lakeville,MN,Lakeville,44.6496868,-93.24272
The Magic Ian Tour,CA,Anaheim,33.8362104,-117.8721676
Maren Higbee Books,WA,Seattle,47.5745802,-122.4047843
Harold's Handyman Service L.L.C.,WA,Olympia,47.1139164,-122.7708828
Informed Web Content,CA,San Diego,32.8932137,-117.0676398
Fluhme Glam Bar,PA,Warrendale,40.6598363,-80.0885437
Dr. Sue,MI,Ann Arbor,42.2660881,-83.7146001
Merrimack Valley Chiropractic,MA,North Andover,42.6987024,-71.1350575
Drama Learning Center,MD,Columbia,39.201384,-76.8374995
Rob Howze,MD,Bowie,38.9860548,-76.745195
Toner Architects,PA,Philadelphia,39.9120596,-75.1487007
Grand River Signs,MI,Grand Rapids,42.8846539,-85.5509164
Food. Stories. Travel.,MA,Somerville,42.3991718,-71.1240559
All Pro Chimney Service,MD,Silver Spring,39.0816821,-77.0449327
The Inspection People,AZ,Phoenix,33.6289952,-112.1370601
True Med Spa,AZ,Scottsdale,33.4986286,-111.9224398
Golden Chiropractic,CA,Aptos,36.9771729,-121.8994016
Total Movement Fitness,CO,Northglenn,39.9122468,-105.0031457
Stars Montessori Academy,CA,Vista,33.1778834,-117.2534184
Kelly Williams Photography,TX,Irving,32.8449965,-96.9799755
5280FIT,CO,Highlands Ranch,39.5511448,-104.9505671
Who's That Girl? Wedding and Events,TX,Clear Lake Shores,29.547452,-95.0321506
Dr. Ryan J Mayeda DC,CO,Greeley,40.3962637,-104.7871004
80-20 Agency,IN,Bloomington,39.0793558,-86.438974
Franny's Farm,NC,Leicester,35.6551074,-82.6962438
Salon JLS,MA,Boston,42.3660616,-71.0482911
Craig Lambert Couples Therapy,CA,La Jolla,32.8283259,-117.255854
Lifelong Nutrition and Fitness,CA,Lompoc,34.6391501,-120.4579409
Bright Future Day Care,DC,Washington,38.9274061,-76.9729472
"R.T. McCalpin & Associates, LLC",MD,Laurel,39.1043687,-76.8836261
Next Level Fitness & Performance,VA,Haymarket,38.8120591,-77.6363806
Nicholas Scott Salon,MA,Tewksbury,42.6106478,-71.2342248
Reach for the Sky Vacations,LA,Abita Springs,30.4785257,-90.0375755
Pestex,MA,Framingham,42.2781628,-71.4358733
Carefree Catering,AZ,Phoenix,33.6782379,-112.1012912
Kim Laughlin Health Coaching,MA,Acushnet,41.7223696,-70.8952337
"Take Action with Michele, Inc.",FL,Estero,26.438136,-81.8067523
Micro Ice,MA,North Andover,42.6987024,-71.1350575
proline,OH,Oregon,41.6615051,-83.4109834
BalanceDiet,MT,Billings,45.7832856,-108.5006904
yogaOne Studios,TX,Houston,29.7431508,-95.38872
Beacon Telecom,MA,Canton,42.1584324,-71.1447732
Specialty Cakes,IL,Springfield,39.7960095,-89.6716867
Rapha Clinic,VA,Potomac Falls,39.0366372,-77.4002206
Sales Sense Payments,NY,Rochester,43.1156031,-77.55621
U Rang Delivery,FL,Winter Springs,28.6820373,-81.2628961
Joshua's Fine Jewelry,AR,Russellville,35.2785177,-93.1428341
Seta's Cafe,MA,Belmont,42.2828061,-71.6697206
Captain Jackson's,MA,Boston,42.3654231,-71.0549768
Galvinized Fitness,MA,Brighton,42.3463503,-71.1626756
Aborn & Company,MA,Norwell,42.1615157,-70.7927832
Sunny World Preschool,WA,Bellevue,47.6120759,-122.1112721
Amrheins,MA,Boston,42.3364553,-71.0349193
"Jones & Associates Law, PC",PA,Media,39.9167783,-75.387693
Kenny's Lock Inc.,MA,Boston,42.2967146,-71.0527482
Jamaica Jamaica Cuisine,TX,San Antonio,29.4895776,-98.385532
Kori Burkholder,NY,New York,40.7536854,-73.9991637
Mitch Reed Music Lessons,LA,Scott,30.2688747,-92.1155691
MODE a waxing studio,WA,Spokane,47.6568696,-117.3719973
Chip Berry Insurance,OH,cincinnati,39.2123057,-84.4015075
localmovings.com,TX,Houston,29.7246822,-95.5564777
The Royal Children's Show Productions,NJ,Succasunna,40.8537087,-74.6576091
Crush Complacency,MA,Taunton,41.9241038,-71.121085
Shawn Preston Magic,CO,Sentinel,39.6765847,-104.8310514
Atlantic Coast Trailer Sales,DC,Washington,38.9374808,-77.0852258
SIR Accounting & Tax,NC,Fayetville,35.0585989,-79.0532061
Henson Fire,MA,Medford,42.42,-71.13
Voss Farms,MN,Paynesville,45.3768459,-94.7236488
Hank & Ax,NE,Omaha,41.2899133,-96.0996978
Reflective Homes New Hampshire Real Estate,NH,Nashua,42.7795584,-71.5130445
Head to Toe Muscle Clinic,CT,Greenwich,41.0676332,-73.5888575
The Wellness Center of NY,NY,New York,40.7593941,-73.9697795
Onsite Techs,RI,Jamestown,41.4963134,-71.3711656
Walkabout Software,OH,Cincinnati,39.0930395,-84.5667665
JTMVACATIONS,MD,Rockville,39.0747097,-77.1197521
Little River Medical Center,SC,Little River,33.8732279,-78.6141798
The Yarn Outlet of Nazareth,PA,Nazareth,40.740375,-75.3096237
Botelho Law Group,MA,Fall River,41.6898739,-71.1270268
Cognitive-Behavioral Therapy Center,CA,Glendale,34.1893001,-118.2702036
Rev Sinnerael Coaching,CA,Guerneville,38.5018575,-122.9961102
Gross Catholic High School,NE,Bellevue,41.1775208,-95.9515399
Fit For Women,MI,Livonia,42.3939863,-83.3735966
McElroy Pediatric Dentistry,IL,Bloomingdale,41.9485328,-88.0949609
Gary's Wildlife,MA,Middleborough,41.875212,-70.8357792
Belltower Montessori Academy,CA,Corona,33.8813831,-117.5378439
Propel Business Services,MA,Quincy,42.2991086,-71.0111463
ITADX,MA,Belmont,42.3958849,-71.1745579
A&D Locksmith Services,TX,Hallsville,32.504316,-94.5740934
Lost&Found Inc.,NC,Moorseville,35.5910505,-80.8765205
"Just Lovely Living, LLC",GA,Smyrna,33.8806897,-84.5064881
Carolina ChiroCare and Rehab,NC,Raleigh,35.8019142,-78.6875364
N Nicely Photography,VA,Clifton Forge,37.816239,-79.8244947
"GlowHouse Kids, LLC",NJ,Pompton Lakes,41.0053753,-74.2907041
Healthy Benefits Card,NC,Moorseville,35.584285,-80.7879407
Lil' Jake's Indoor Safety Village & Playground LLC,NH,Nashua,42.7189172,-71.4893013
The Spofford Group,MA,Hingham,42.2418172,-70.889759
Desert Star Dance,AZ,Chandler,33.3091946,-111.8210866
MNM Design,IL,Oak Park,41.8933254,-87.7812524
"Embassy: Interactive, LLC",PA,Philadelphia,39.9412882,-75.2187346
Natural Health Center,WA,Medical Lake,47.5729426,-117.6821604
Sara K Design,CA,Exeter,36.2960613,-119.1420517
Lovable Face and Body Art,NY,Queens,40.7078289,-73.7389596
Sewtech,CA,Fullerton,33.881922,-117.8956062
Winners' Academy,NY,West Hempstead,40.7048242,-73.6501295
Auten Wide Plank Flooring,TN,Knoxville,35.9073934,-84.0061661
Biteable-Life,NY,Brooklyn,40.6285158,-73.9447994
"Karpilow Safe, Lock and Security",CT,Bridgeport,41.2078356,-73.2116584
GreenAce Lawn Care,MA,Foxborough,42.0706608,-71.2517835
Create Health with Ann Treacy,NY,Pittsford,43.0906186,-77.5149969
Elarah Parties,NJ,Long Valley,40.7859331,-74.7801645
"Handy Transcription Services, LLC",MT,Kalispell,48.1919889,-114.3168131
Heel to Toe Clinic,IL,Huntley,42.1680796,-88.4281415
Flat Rate Computer Solutions,VA,Reston,38.9302229,-77.3439283
Capital Expert Services,DC,Washington,38.9156487,-77.0737149
Eye On Waste LLC,VA,fairfax,38.8923401,-77.0730875
Lucky B Trailers,VA,Madison,38.3804062,-78.2575035
Texan Trailer,TX,Tomball,30.0971621,-95.6160549
D & D Trailer,MO,Centerview,38.7443922,-93.8450985
Triple M Trailers of Texas,TX,Wills Point,32.7092955,-96.0083018
Sundowner of Georgia,GA,Covington,33.5967815,-83.8601827
Embroidery Zone,NY,Cortland,42.6011813,-76.1804843
Stars chimney service,IN,Fort Wayne,41.089823,-85.1790404
Signal 88 Philadelphia,PA,Philadelphia,40.0390934,-75.064035
Oki SUP,MA,Okinawa,42.2498373,-71.0012313
Screenwritingmasterclass.com,CA,Los Angeles,34.0963058,-118.4980744
DPR Realty,AZ,Avondale,33.4763518,-112.2980119
OcluVet Health,MD,Perryville,39.5601129,-76.0713385
Cerro Grande,CA,Redondo Beach,33.8322129,-118.3870991
Trailer Mart,CO,Fort Morgan,40.2502582,-103.7999509
Dai Kitamura DDS Dental Corporation,CA,Rosemead,34.0617365,-118.0830047
Scott Health Systems,MO,Jefferson City,38.5686223,-92.2433487
Shell Creations and Boutique,FL,Port Orange,29.1145775,-80.9745372
KK Construction Supply,CA,Rancho Cordova,38.5791051,-121.193945
Rapid Weight Loss Expert,GA,Savannah,32.0005346,-80.9760556
B & D Trailers,TX,Mt Pleasant,33.1567863,-94.968269
Ingrid Bayne Real Estate,VA,Newport News,37.0672839,-76.514138
E&I Risk,NC,Wilmington,34.24,-77.95
Local Stew U,VA,Maidens,38.2640123,-77.9622045
Reagent Creative Marketing Solutions,CA,Yuba City,39.0715086,-121.6967438
trips to cherish,KY,Lexington,38.0103355,-84.5327038
Elk Grove Baseball Center,CA,Elk Grove,38.4223702,-121.43419
Southern Benefits of Arizona LLC,AZ,Tuscon,32.1057222,-111.022196
MilJac Enterprise LLC,GA,Austell,33.7779488,-84.5746243
"Drip-Thru Coffee, LLC",GA,Stockbridge,33.5442781,-84.2338093
Erie DJ Entertainment,PA,North East,42.2156131,-79.8342163
Events by Lady J,MD,Owings Mills,39.4195499,-76.7802528
Realty with Rachel,TX,Houston,29.9108312,-95.6563119
"Dolcini Design, LLC",CA,Menifee,33.6557387,-117.185294
Alabama Rock,AL,Phenix City,32.477563,-85.1375645
Mid-Century Modern Finds,CA,San Francisco,37.7225491,-122.4410618
Beautibydipali,SC,Rock Hill,34.9944873,-81.0533854
Elevate Health Studio,NH,Bedford,42.9463291,-71.5132008
Sonja's Silks,GA,LaGrange,32.9999801,-84.9609464
Shore Craft Beer,MD,Berlin,38.3226153,-75.2176892
J.C. Pets,CA,Daly City,37.6800002,-122.4863492
Feed Your Cells Coaching,CA,Yorba Linda,33.9011405,-117.7959713
JMPankey Partners,ME,North Berwick,43.3037349,-70.7333524
SpaHive,MA,Cambridge,42.3635847,-71.0824613
MJ Roberts Designs,RI,Jamestown,41.4963134,-71.3711656
Texas Mold Consultants,TX,Austin,30.1274614,-97.730807
Harvey Freelance Copywriting Services,DE,Wilmington,39.7329896,-75.6789905
JT NATURALS,MI,Joplin,37.0193161,-94.5005808
The Purple Spade,NV,Reno,39.4835647,-119.7310213
"Dream, Leap, Live",MD,Silver Spring,39.0041504,-77.0391754
imprint by kerri bridges,NC,Hablock,34.8790492,-76.9013301
Academic Excellence,NJ,Jersey City,40.7329808,-74.0711359
Barr Commercial Door Repair Inc,CA,Anaheim,33.8362104,-117.8721676
K & L Industries LLC,FL,Boca Raton,26.3510294,-80.1540226
Caregivingforyou,CA,Los Angeles,34.0386656,-118.4221519
"The Denver 100, LLC",CO,Englewood,39.5835785,-104.8571368
"T and S Financial and Tax Services,LLC",AZ,Tuscon,32.2540946,-110.8850949
Little Owl Inc.,CA,Newbury Park,34.1805403,-118.9070887
McCormack Writes,GA,Atlanta,33.7845409,-84.3489467
Don Smith Paints Company,IL,Springfield,39.7853965,-89.6722171
K2 Insurance PLLC,FL,Venice,27.0935232,-82.4373589
Northern Illinois Hospice,IL,Rockford,42.2610481,-88.9509626
"Somatic Massage Therapy, P.C.",NY,New Hyde Park,40.7466623,-73.6830521
Little Gardens Childcare,NY,East Meadow,40.7139898,-73.5590157
CMAA Andover,MA,Andover,42.6568574,-71.1407888
Tamir's Home Improvement,MD,North Potomac,39.1048032,-77.2520101
King St. Early Learning Center,CT,Danbury,41.418055,-73.4769458
Alpine Academy of Rockford,IL,Rockford,42.2610481,-88.9509626
Ocean City Fish Company,DE,Harrington,38.9237244,-75.5777033
Urban Faith Clothing Company,TX,Arlington,32.6614911,-97.1467072
CZR Inc,FL,Jupiter,26.911947,-80.0814292
Septic Medic,AZ,Gilbert,33.3650631,-111.7495419
"Greer Business Solutions, LLC",GA,Douglasville,33.6630087,-84.7524482
Intimacy Retreats,FL,Sarasota,27.2752758,-82.5564559
Richpeace America,GA,Norcross,33.9102261,-84.1804384
CCC Window Cleaning,AZ,Pheonix,33.6289952,-112.1370601
KLA Labs,OH,Grove City,39.8762258,-83.0576156
Outcomes Management Group,OH,Columbus,39.9721714,-82.8694464
Grand Auto Trailers,MN,East Grand Forks,47.9311871,-97.009347
Well Beauty Co.,CO,Littleton,39.5897283,-105.0031457
Lauren Cardinale,NJ,Branchville,41.1464852,-74.7523874
Haku Holistics,PA,Jenkintown,40.0959438,-75.1251743
Waggy Day Pet Services,OH,Columbus,40.1420033,-82.9770371
Grimm Tactical,NJ,Wharton,40.8931546,-74.5818254
Trump Commercial Cleaning Services Inc,OH,Hilliard,40.0333961,-83.1582451
"Pinnacle Sports, Inc.",IL,Vernon Hills,42.2393323,-87.9653565
Prestige Services,OH,Columbus,40.1296424,-83.025396
EZRACK LLC,FL,Sarasota,27.3331293,-82.5456374
Surf Resort Finder,NV,Las Vegas,36.0883812,-115.1506875
Custom Carpentry Solutions,MA,Melrose,42.4573354,-71.0616623
Prospect Farm,OH,Dublin,40.0761455,-83.1541796
Fran Gourdet,PA,Bartonszille,41.0038964,-75.2776634
Going Home Ministries,NJ,Saddle Brook,40.9040085,-74.1007318
Prairie Wind Trailers,SD,Harrisburg,43.4313663,-96.69727
Evolve Tutoring,MA,North Grafton,42.2356407,-71.6969985
Vagabond Beach,IA,Burlington,40.8522544,-91.1161166
Ascend Partners,MA,Cambridge,42.3635847,-71.0824613
The School of Royal Yoga,NJ,Chester,40.7842667,-74.6968284
Sci and Associates,CA,Stevenson Ranch,34.3931105,-118.5907538
Airvelations,NJ,Stanhope,40.9028765,-74.7090517
Optimal Movement Chiropractic,CA,Scotts Valley,37.0702838,-122.0155491
Therapeutic & Restorative Care NY,NJ,Old Tappan,41.010653,-73.9912493
"Financial Wealth Solutions, Inc.",CO,Centennial,39.5835785,-104.8571368
The Posh Life DJ Company,VA,Aldie,38.9756745,-77.6418724
The Keiser Group,CA,Anaheim,33.8416068,-117.702148
Corporate Risk & Benefits Administrator Inc.,CA,Anaheim Hills,33.8416068,-117.702148
Holland Furniture,MI,Holland,42.7875235,-86.1089301
Annino Law Firm,GA,Marietta,33.9346756,-84.5955732
Naturescapes Landscaping,NJ,Newfoundland,40.8209311,-74.4171586
Bleu Flame Catering,FL,Pembroke,25.9839048,-80.4326521
Amazing E,CA,Auburn,38.8965654,-121.0768901
Marilyn James Health and Beauty,MA,Somerville,42.3875968,-71.0994968
SLURPITS,FL,Dania Beach,26.052311,-80.1439343
The Harris TLC Group,IL,Seanburh,42.0130165,-88.099845
Florida Pool Masters,FL,North Fort Meyers,26.7270316,-81.8442934
Kabbalah Reports USA,CA,San Diego,32.6858257,-117.0382158
language kids,TX,Sugarland,29.5662952,-95.6142558
Safe Haven Learning Center,NC,Raleigh,35.8019142,-78.6875364
Juvare Studios,CA,Hayward,37.6063621,-122.1178261
RX Handy,CA,Orangeville,38.6785145,-121.2257818
Electric Man,TX,Dallas,32.9087285,-96.7386946
Sarah's Market and Cafe,MA,Cambridge,42.3803274,-71.1389101
Excel Windows,IL,Glendale Heights,41.9103068,-88.0717353
Transform Consulting Group,IN,Wabash,40.797821,-85.8205411
The Swedenborg Center,MA,Wayland,42.3625953,-71.3614484
Sunglass Shenanigans,CA,Huntington Beach,33.7222674,-118.0010421
Greystone Programs,NY,Hopewell Junction,41.5839823,-73.8087442
Five Star Martial Arts,NJ,Jackson,40.0918895,-74.3587473
CMS,OH,N. Canton,40.9034426,-81.4498717
Billow global,WV,Charleston,38.3120472,-81.4828198
PeerThru,CA,Novato,38.1218145,-122.5485873
Ayers Creek Adventures,MD,Berlin,38.3226153,-75.2176892
Public Body,MA,Chelsea,42.3917638,-71.0328284
State Ventures,MD,Berlin,38.3226153,-75.2176892
Sonoma Wool Company,CA,Valley Ford,38.2971176,-122.9550349
Modern Curandera,CO,Lafayette,39.9935959,-105.0897058
"Law Office of Steven A. Lucia, PLLC",NY,Rochester,43.153975,-77.6120835
Blackburn Consulting,NC,Clemmons,36.0215258,-80.3819984
GBC Worldwide,GA,Acworth,34.1142529,-84.6374484
9Round North Metro Denver,CO,Westminster,39.8619647,-105.0031457
New River Fellowship,TX,Weatherford,32.7522671,-97.7905758
L'Optique Boutique,MA,Somerville,42.3991718,-71.1240559
Socially Skilled Kids,MA,Belmont,42.3958849,-71.1745579
P&M Accounting,NY,Monticello,41.6556465,-74.6893282
Casey Giovinco,PA,Carlisle,40.2010241,-77.2002745
Belle Meade Framers,TN,Nashville,36.1030036,-86.8722146
Jim Cullinan Realtor,CT,Fairfield,41.1948222,-73.28833
Fly Fitness,WA,Kirkland,47.6688298,-122.1923875
Acme Process Group,VA,Centreville,38.8193117,-77.4587239
Busy Bee Colorado,CO,Broomfield,39.9389199,-105.0674317
I thrive You thrive,NM,Albuquerque,35.1322706,-106.4994889
"Red Petal Photography & Design Studio, LLC",WI,Greenfield,42.9678365,-87.9873724
Colony Pumpkin Patch,IA,North Liberty,41.739482,-91.6080974
The Messenger,MA,Boston,42.3654231,-71.0549768
Goodspirits,CA,Riverside,33.999677,-117.3675233
3mc,OH,Cincinnati,39.1471688,-84.5589076
Boston Center For Oral Health,MA,Boston,42.3476181,-71.1002881
JEB Electric,CA,Santa Barbara,34.4038383,-119.7252297
Jon C. Wretlind Graphics,CO,Loveland,40.372134,-105.1960795
3d Xplosive Performance,MD,Heightsville,38.9732233,-76.947022
Zero Level Fitness,NV,Las Vegas,36.1100428,-115.3667218
Dan's Window Rangers,TX,Bandera,29.7266131,-99.0736462
"Ormond Granite and Marble, Inc.",FL,Holly Hill,29.2435916,-81.0375555
"Gavrieli Plastics, Metal & Sign Supplies",CA,North Hollywood,34.208195,-118.3987842
Shrimp Boat,MD,Ocean City,38.3358442,-75.0853092
Salty Wave Seafood,DE,Harrington,38.9237244,-75.5777033
Solid Design Concrete,NJ,Monroeville,39.6290092,-75.1593816
Southcoast Media Group - New Bedford Times,MA,New Bedford,41.6381659,-70.9368469
Imprint Warehouse,GA,Hinesville,31.8305871,-81.6254283
Conscious Step,NY,Brooklyn,40.7119031,-73.9660683
God's Promises,AZ,Maricopa,33.0581063,-112.0476423
Corporate Performance NV,NV,Las Vegas,36.1100428,-115.3667218
BF Management Consulting,CA,San Bernardino,34.1585191,-117.2554498
Cayuga Country Homes,NY,Ithaca,42.4439614,-76.5018807
Wondertree Kids,CA,El Segundo,33.9191799,-118.4164652
American Town Cleaning,FL,Deland,29.0128283,-81.3729372
Fiduciary Resource Network,MD,Easton,38.7742826,-76.0763305
Halifax Tree Expert Co.,FL,Ormond Beach,29.2890392,-81.1857736
RebrandTesting1,NY,New York,42.8140012,-73.9814578
RebrandTesting2,MS,Boston,42.3548561,-71.0661193
Shana Love Coaching,HI,Kailua,21.4022222,-157.7394444
Synergy Martial Arts,NJ,Freehold,40.2303787,-74.2766186
Pearson Smith Realty,VA,Leesburg,39.2079214,-77.5390127
Hands Up High Ministries,TN,Milton,35.929786,-86.1816572
Alaska Wild Adventures,AK,Anchor Point,59.7766667,-151.8313889
Therapeutic Massage by Wendy,CA,Le Mesa,32.7749487,-117.0146736
Figueiredo Carpenter & Builder,MA,Marion,41.697719,-70.7525299
AC Design and Development,NY,Bronx,40.8887394,-73.8477874
The Harlow Law Firm,TX,Round Rock,30.5184228,-97.7090854
Pole Dancer Fishin' Charter,FL,Ormond Beach,29.2890392,-81.1857736
Woodlands Family Chiropractic,TX,Conroe,30.2404085,-95.4882679
Liles Parker,DC,Washington,38.9156487,-77.0737149
Stacey Cohen,NC,Waxhaw,34.9245935,-80.7434019
Standard Marine Outfitters,MA,New Bedford,41.6381659,-70.9368469
FloreMarie,DC,Washington DC,38.8761083,-77.0190228
Direx Capital,FL," Ormond Beach,",29.2890392,-81.1857736
Che'TaNi Travel,GA,Johns Creek,34.029613,-84.238417
HAUTE GREY CONSULTING,FL,Estero,26.438136,-81.8067523
Bergaa Realty,FL,Estero,26.438136,-81.8067523
BeautyByBenicia,CA,Fairfield,38.2493627,-122.0399969
Feel of Elegance Event Design,MD,Timonium,39.4370508,-76.6196915
IN8 Wellness Center,MA,Beverly,42.5584283,-70.880049
Bioclenz PH,MD,Bethesda,38.9516143,-77.1197521
New Life Wellness Med Spa,CA,Pasadena,34.1456654,-118.1268976
Dream Life and Home,FL,Estero,26.438136,-81.8067523
Premier Land Title,FL,Bonita Springs,26.3398513,-81.8333656
Behavioral Forensics Group™ LLC,IL,Grayslake,42.3444664,-88.041746
Wings n Things,MA,Mattapoisett,41.6716258,-70.8238874
Pressure Washing and Window Cleaning Wizard,NJ,Sicklerville,39.7172152,-74.9697707
Ferrer's Electric LLC,CT,Southbury,41.4849269,-73.2057595
Steam Academy,IN,Lafayette,40.3759696,-86.8857861
"Wholesome Essence, Inc.",CA,Pasadena,34.149491,-118.099449
Gisselle Guerra Real Estate,FL,Orlando,28.5513952,-81.3014284
GROWING PATCH LEARNING CENTER,PA,Pittsburgh,40.490944,-80.0143656
Cape Wide Telephone,MA,East Sandwich,41.7545735,-70.5160576
Drone Air Video Technology,MA,Boston,42.3364553,-71.0349193
Predator Solar Mounting Systems,UT,Syracuse,41.0541918,-112.1191757
GTC Custom Gifts,TX,Roanoke,33.0040126,-97.2258483
AI Gazette,GA,Atlanta,33.7845409,-84.3489467
Fireside IT Solutions,NJ,Rutherford,40.826489,-74.1068091
Speaking to the Heart Radio Network,NY,Troy,42.7284117,-73.6917851
OPTAVIA,NJ,Cape May Courthouse,39.0826135,-74.8237786
UNI-STAR Cleaning Service,NH,Manchester,42.9632901,-71.4002502
Healing for Mental Health,NJ,Lake Hiawatha,40.8822334,-74.3792737
Dan Barrile Realty,FL,Fort Meyers,26.5545224,-81.898908
CDBeauty Lab,NY,Manhattan,40.7388319,-73.9815337
Ambush Media,GA,Lithonia,33.7123305,-84.1051939
Design Custom Homes Blog,WI,DeForest,43.2477685,-89.343727
"Corinne A. Pierson, P.A.",FL,Pompano Beach,26.237305,-80.1149414
Scarlett Ryan Consulting,NJ,Fanwood,40.6409358,-74.383484
Saffron and Sage,MA,Cambridge,42.3635847,-71.0824613
Four Sisters Cafe,CA,Roseville,38.7637052,-121.2912463
T. Seleda Consulting,NY,Melville,40.8126648,-73.3590802
Sister 2 Sister Enterprise,CO,Lakewood,39.6682515,-105.096661
Princess & The Pauper,CA,Fresno,36.8381393,-119.829443
ArtlyOwl,CA,san francisco,37.7897237,-122.4216779
Spiral Inquiry,MA,Wayland,42.3625953,-71.3614484
US Military Maintenance Northeast Ohio,OH,Youngstown,40.9890605,-80.621591
Pet Providers,MA,Westwood,42.2139873,-71.2244987
Schwab Legal Group,WI,Oshkosh,44.0291228,-88.4984991
Dynasty Defense,AR,Rogers,36.3320196,-94.1185366
Outer Cape Health Services,MA,Wellfleet,41.9307962,-70.0145855
Max Ruthven LLC,TX,Austin,30.3666665,-97.9483898
American Patriot Handyman Services,AL,Woodstock,33.1930982,-87.1722037
Gila Bash Katz Beauty and CosMEDics,NY,New York,40.7388319,-73.9815337
ASC Professional Handling,MD,Cambridge,38.5631744,-76.0788292
Hi-Way Concrete Products,MA,Wareham,41.7614511,-70.7197342
"Independent Freight Contractors, Inc.",FL,Ponce Inlet,29.1145775,-80.9745372
All About Dancewear,OH,Dayton,39.8476384,-84.2173403
Dartmouth Pools & Spas,MA,New Bedford,41.6920942,-70.9427914
DieHard Media LLC,NV,Las Vegas,36.135635,-115.2304131
Jia Collection - Multifunctional Fashion,NY,New York,40.8032131,-73.9525825
Pediatric Holistic Medicine,MI,Ann Arbor,42.2660881,-83.7146001
NY Golf Fitness Guru,NY,New York,40.7593941,-73.9697795
"Pal Electrical Contractor, LLC",VA,Burke,38.7843884,-77.2807423
My Transmission Experts,TX,Houston,29.8296506,-95.6668306
Have a Ball Style and Design,VA,Richmond,37.59161,-77.6421577
Integrative Harmony Health,GA,Atlanta,33.8363126,-84.3857442
ROI Media,OK,Tulsa,36.1005816,-95.9251211
Are You A Glow Kid?,NJ,Pompton Lakes,41.0053753,-74.2907041
Richard L Terry Attorney at Law,MA,Mashpee,41.6177476,-70.5145939
Juliane Soprano,MA,Falmouth,41.5750249,-70.6276279
Actuarial Litigation Consulting,MA,Feeding Hills,42.067082,-72.6777225
renovatehealth,WA,Seattle,47.6084921,-122.336407
FIX My EDGE - Mobile Sharpening,NJ,Dover,40.883988,-74.5621025
Grind Time Fitness,NJ,Warren,40.6342489,-74.5004796
Nuview Media,CA,San Dimas,34.1066756,-117.8067257
Nichols Horticulture,MA,Middleborough,41.875212,-70.8357792
Auburn Magazine,CA,Auburn,38.9851375,-121.1022942
Elite Dental Services,CA,Chino Hills,33.9898188,-117.7325848
Blue Harbor - Glen Riddle,PA,Media,39.9167783,-75.387693
Curves of Courage,WI,Wauwatosa,43.0852217,-88.0363086
Dawn Terrick,NY,Plattsburgh,44.670804,-73.4513324
EMG Technology LLC,NC,Charlotte,35.2413572,-80.7103532
Cooking Beautiful Lee,MA,Framingham,42.3240042,-71.4536835
Fur Elise Piano Service,SC,Pawleys Island,33.4332236,-79.1214313
Health in Hands Spa,NJ,Montclair,40.8400532,-74.2003231
Fixii,MO,University City,38.6682669,-90.3230807
San Diego Hit,CA,San Marcos,33.1630271,-117.1617685
The Crown Designs,NJ,Newark,40.7663804,-74.1856472
Care Collab,MD,Bethesda,39.0038878,-77.1053673
Fit Retail,MA,Franklin,42.0834313,-71.396725
"Unison Information Systems, Ltd.",MA,Natick,42.2775281,-71.3468091
Benefit Secure,CA,Anaheim,33.8416068,-117.702148
Forever in Spirit,CA,Mission Hills,34.2722582,-118.4688776
Clear Bookkeeping Solutions,TX,Fate,32.9427558,-96.3013432
Carve Digital,CO,Denver,39.7541032,-105.0002242
Local Lawyers Referral,MA,South Dennis,41.7020781,-70.1515342
Century 21 Hometown Realty,CA,Paso Robles,35.6368759,-120.6545022
Reboot Remedy,TX,Houston,29.8760239,-95.5249863
Inspired Growth Consulting,CA,Redondo Beach,33.865913,-118.3754131
SafeHome Insurance Services,TX,Dallas,32.9309279,-96.7949137
Denesha Insurance Agency,CA,Bakersfield,35.3734151,-119.1274334
Scrapper's Edge,CA,Eureka,40.8134774,-124.1460963
Ace Feet,MA,Weymouth,42.210555,-70.9249578
NH 1 Motors,NH,Concord,43.2086343,-71.5486562
Bazaz Construction,MA,Barre,42.4229047,-72.1051002
A Studio at 68,MA,Bolton,42.4334258,-71.6078449
Darnall Photography,CA,Newport Beach,33.6301328,-117.8721676
Cleaning by Rafael,DE,Townsend,39.3951115,-75.6915973
Byrne & Associates,MO,St. Louis,38.647459,-90.25731
"AquaRep, Inc.",FL,Tavernier,25.0115186,-80.5150608
Big D Party Rentals,TX,Carrollton,32.9678449,-96.8887202
Cfascrubs,CA,Arcadia,34.1172361,-118.0244639
Haley Farm,MD,Oakland,39.4078747,-79.4067116
Eye Physicians of Virginia,VA,Falls Churh,38.8989474,-77.2002745
Blushlifemovement,GA,Atlanta,33.8676889,-84.4645184
Crafted Cleaners LLC,GA,DeKalb,33.7414395,-84.2594861
Amit Dev Handa,NV,Las Vegas,36.1104125,-115.2067011
Montessori School of San Clemente,CA,San Clemente,33.4662881,-117.6317494
Revolution 250,MA,Boston,42.3476181,-71.1002881
Steeds IT,CA,Waterloo,42.4863528,-92.3059352
Bella ADHD & Family Coaching,MI,St. Joseph,42.0938577,-86.4895463
Tranquility Base LLC,NC,Salisbury,35.69709,-80.5660657
Raymond Byler,PA,Spartansburg,41.8239463,-79.6836626
Mezza Luna Restaurant,MA,Buzzards bay,41.7453829,-70.618087
Boss Playa Productions - Wedding DJ Service,NC,Charlotte,35.2413572,-80.7103532
Alana Scott,CA,Hughson,37.596789,-120.864275
Usmanii Jewelry Designs,NY,Queens Village,40.7156628,-73.7419017
Joy In Service Senior Home Care Agency,NE,Omaha,41.203996,-96.1155932
Live Brite Now,CA,Novato,38.0599857,-122.503327
Verdini Sheet Metal,MA,Worcester,42.2530794,-71.7741103
US Military Maintenance Mile High,CO,Arvada,39.8182494,-105.0674317
CD17 Grafix,TX,Austin,30.4570672,-97.681943
VESTA: Redefining Divorce,MA,Natick,42.2775281,-71.3468091
www.lancompusa.com,NJ,Wayne,40.9253725,-74.2765441
Working Class Hunter,KY,Shelbyville,38.2120144,-85.2235666
Eye Clinic for Animals-Seattle,WA,Lynnwood,47.8419525,-122.2881807
Eye Clinic for Animals-Arkansas,AR,Springdale,36.1675026,-94.2128337
Favour Consulting Group,CA,North Hollywood,34.1658804,-118.3637264
